[
  {
    "id": 1,
    "product_id": 1,
    "variant_name": "MacBook Pro 16 - Space Gray - 512GB",
    "price": 2499,
    "quantity": 15,
    "image": "images/macbook-gray.jpg"
  },
  {
    "id": 2,
    "product_id": 1,
    "variant_name": "MacBook Pro 16 - Silver - 1TB",
    "price": 2899,
    "quantity": 8,
    "image": "images/macbook-silver.jpg"
  },
  {
    "id": 3,
    "product_id": 2,
    "variant_name": "iPhone 155 Pro Max - Natural - 256GB",
    "price": 2999,
    "quantity": 25,
    "image": "images/iphone-titanium.jpg"
  },
  {
    "id": 4,
    "product_id": 2,
    "variant_name": "iPhone 155 Pro Max - Titanium - 512GB",
    "price": 2199,
    "quantity": 18,
    "image": "images/iphone-blue.jpg"
  },
  {
    "id": 5,  
    "product_id": 3,
    "variant_name": "Dell XPS 15 - Black - 16GB/1TB",
    "price": 1899,
    "quantity": 12,
    "image": "images/dell-black.jpg"
  },
  {
    "id": 6,
    "product_id": 4,
    "variant_name": "Galaxy S24 Ultra - Phantom Black - 256GB",
    "price": 1299,
    "quantity": 20,
    "image": "images/galaxy-black.jpg"
  },
  {
    "id": 7,
    "product_id": 5,
    "variant_name": "T-Shirt - Blue - Large",
    "price": 29.99,
    "quantity": 50,
    "image": "images/tshirt-blue.jpg"
  },
  {
    "id": 8,
    "product_id": 5,
    "variant_name": "T-Shirt - Red - Medium",
    "price": 29.99,
    "quantity": 45,
    "image": "images/tshirt-red.jpg"
  },
  {
    "id": 9,
    "product_id": 6,
    "variant_name": "Summer Dress - Floral - Small",
    "price": 49.99,
    "quantity": 35,
    "image": "images/dress-small.jpg"
  },
  {
    "id": 10,
    "product_id": 6,
    "variant_name": "Summer Dress - Floral - Medium",
    "price": 49.99,
    "quantity": 40,
    "image": "images/dress-medium.jpg"
  },
  {
    "id": 11,
    "product_id": 7,
    "variant_name": "JavaScript Book - Hardcover",
    "price": 79.99,
    "quantity": 60,
    "image": "images/js-hardcover.jpg"
  },
  {
    "id": 12,
    "product_id": 8,
    "variant_name": "Garden Tool Set - Premium",
    "price": 89.99,
    "quantity": 30,
    "image": "images/toolset-premium.jpg"
  }
]

